Workbook
Name Attendance: [1]!tbl_Attendance[Attendance]
Name Designation: #REF!
Name ONDOT: #REF!

Sheet Summary
C1: ="GuestVilla Summary of "& TEXT('Grocery Purchase'!$L$4," MMM YY") -> GuestVilla Summary of Jan 26
M2: SheetTool
M3: 46023
E4: Order | F4: Total Stock | G4: Usage Stock | H4: Closing Stock | I4: Usage Amount | J4: Closing Amount | K4: Order Amount
D5: Guesthouse Grocery Purchase | E5: ='Grocery Purchase'!J154 -> 0 | F5: ='Grocery Purchase'!K154 -> 0 | G5: ='Grocery Purchase'!AQ154 -> 0 | H5: ='Grocery Purchase'!AR154 -> 0 | I5: ='Grocery Purchase'!AS154 -> 0 | J5: ='Grocery Purchase'!AT154 -> 0 | K5: ='Grocery Purchase'!AU154 -> 0
D6: Guesthouse Bottle Consu. | E6: ='Bottle Consu.'!I21 -> 0 | F6: ='Bottle Consu.'!J21 -> 0 | G6: ='Bottle Consu.'!AP21 -> 0 | H6: ='Bottle Consu.'!AQ21 -> 0 | I6: ='Bottle Consu.'!AR21 -> 0 | J6: ='Bottle Consu.'!AS21 -> 0 | K6: ='Bottle Consu.'!AT21 -> 0
D7: Guesthouse Hukka Consu. | E7: ='Hukka Consu.'!I26 -> 0 | F7: ='Hukka Consu.'!J26 -> 0 | G7: ='Hukka Consu.'!AP26 -> 0 | H7: ='Hukka Consu.'!AQ26 -> 0 | I7: ='Hukka Consu.'!AR26 -> 0 | J7: ='Hukka Consu.'!AS26 -> 0 | K7: ='Hukka Consu.'!AT26 -> 0
D8: TOTAL | I8: =SUM(I5:I7) -> 0 | J8: =SUM(J5:J7) -> 0 | K8: =SUM(K5:K7) -> 0
B10: Note:
B14: Month | C14: Grocery Usage Amt | D14: Bottle Usage Amt | E14: Hukka Usage Amt | F14: Total Usage
B15: 45748 | C15: 33786.31 | D15: 193285 | E15: 3780 | F15: =Table1[[#This Row],[Hukka Usage Amt]]+Table1[[#This Row],[Bottle Usage Amt]]+Table1[[#This Row],[Grocery Usage Amt]] -> 230851.31
B16: 45778 | C16: 3624 | D16: 19000 | E16: 3190 | F16: =Table1[[#This Row],[Hukka Usage Amt]]+Table1[[#This Row],[Bottle Usage Amt]]+Table1[[#This Row],[Grocery Usage Amt]] -> 25814
B17: 45809 | C17: 35380.81 | D17: 29700 | E17: 18410 | F17: =Table1[[#This Row],[Hukka Usage Amt]]+Table1[[#This Row],[Bottle Usage Amt]]+Table1[[#This Row],[Grocery Usage Amt]] -> 83490.81
B18: 45839 | C18: 22121.72 | D18: 29700 | E18: 9170 | F18: =Table1[[#This Row],[Hukka Usage Amt]]+Table1[[#This Row],[Bottle Usage Amt]]+Table1[[#This Row],[Grocery Usage Amt]] -> 60991.72
B19: 45870 | C19: 23860.08 | D19: 46625 | E19: 20620 | F19: =Table1[[#This Row],[Hukka Usage Amt]]+Table1[[#This Row],[Bottle Usage Amt]]+Table1[[#This Row],[Grocery Usage Amt]] -> 91105.08
B20: 45901 | C20: 13226 | D20: 12955 | E20: 7600 | F20: =Table1[[#This Row],[Hukka Usage Amt]]+Table1[[#This Row],[Bottle Usage Amt]]+Table1[[#This Row],[Grocery Usage Amt]] -> 33781
B21: 45931 | C21: 15051.59 | D21: 1000 | E21: 10700 | F21: =Table1[[#This Row],[Hukka Usage Amt]]+Table1[[#This Row],[Bottle Usage Amt]]+Table1[[#This Row],[Grocery Usage Amt]] -> 26751.59
B22: 45962 | C22: 9468 | D22: 10250 | E22: 2880 | F22: =Table1[[#This Row],[Hukka Usage Amt]]+Table1[[#This Row],[Bottle Usage Amt]]+Table1[[#This Row],[Grocery Usage Amt]] -> 22598
B23: 45992 | C23: 18819 | D23: 59450 | E23: 14710 | F23: =Table1[[#This Row],[Hukka Usage Amt]]+Table1[[#This Row],[Bottle Usage Amt]]+Table1[[#This Row],[Grocery Usage Amt]] -> 92979
B24: 46023 | C24: =I5 -> 0 | D24: =I6 -> 0 | E24: =I7 -> 0 | F24: =Table1[[#This Row],[Hukka Usage Amt]]+Table1[[#This Row],[Bottle Usage Amt]]+Table1[[#This Row],[Grocery Usage Amt]] -> 0
B25: 46054 | F25: =Table1[[#This Row],[Hukka Usage Amt]]+Table1[[#This Row],[Bottle Usage Amt]]+Table1[[#This Row],[Grocery Usage Amt]] -> 0
B26: 46082 | F26: =Table1[[#This Row],[Hukka Usage Amt]]+Table1[[#This Row],[Bottle Usage Amt]]+Table1[[#This Row],[Grocery Usage Amt]] -> 0

Sheet Grocery Purchase
A1: ="GuestVilla Grocery Purchase of "& TEXT(L4," MMM YY") -> GuestVilla Grocery Purchase of Jan 26
C3: DD-MM-YYYY | K3: Auto | L3: =TEXT(L4,"ddd") -> Thu | M3: =TEXT(M4,"ddd") -> Fri | N3: =TEXT(N4,"ddd") -> Sat | O3: =TEXT(O4,"ddd") -> Sun | P3: =TEXT(P4,"ddd") -> Mon | Q3: =TEXT(Q4,"ddd") -> Tue | R3: =TEXT(R4,"ddd") -> Wed | S3: =TEXT(S4,"ddd") -> Thu | ... AP3: =TEXT(AP4,"ddd") -> Sat | AQ3: Auto | AR3: Auto | AS3: Auto | AT3: Auto | AU3: Auto | AX3: Auto
A4: Sr. No. | B4: DC Invoice No. | C4: Purchase Date | D4: Type | E4: Shop Name | F4: Particulars | G4: Units | H4: Rate | I4: Opening | J4: Order | K4: Total Stock | L4: =Summary!M3 -> 46023 | M4: =L4+1 -> 46024 | N4: =M4+1 -> 46025 | O4: =N4+1 -> 46026 | P4: =O4+1 -> 46027 | Q4: =P4+1 -> 46028 | R4: =Q4+1 -> 46029 | S4: =R4+1 -> 46030 | T4: =S4+1 -> 46031 | ... AP4: =AO4+1 -> 46053 | AQ4: Usage Stock | AR4: Closing Stock | AS4: Usage Amount | AT4: Closing Amount | AU4: Order Amount | AV4: CGST | AW4: SGST | AX4: Order Amount With GST | AY4: Bills
A5: 1 | K5: =J5+I5 -> 0 | AQ5: =SUM(L5:AP5) -> 0 | AR5: =K5-AQ5 -> 0 | AS5: =AQ5*H5 -> 0 | AT5: =AR5*H5 -> 0 | AU5: =J5*H5 -> 0 | AX5: =AU5*SUM(AV5:AW5)%+AU5 -> 0 | AY5: View Bill
A6: 2 | K6: =J6+I6 -> 0 | AQ6: =SUM(L6:AP6) -> 0 | AR6: =K6-AQ6 -> 0 | AS6: =AQ6*H6 -> 0 | AT6: =AR6*H6 -> 0 | AU6: =J6*H6 -> 0 | AX6: =AU6*SUM(AV6:AW6)%+AU6 -> 0 | AY6: View Bill
A7: 3 | K7: =J7+I7 -> 0 | AQ7: =SUM(L7:AP7) -> 0 | AR7: =K7-AQ7 -> 0 | AS7: =AQ7*H7 -> 0 | AT7: =AR7*H7 -> 0 | AU7: =J7*H7 -> 0 | AX7: =AU7*SUM(AV7:AW7)%+AU7 -> 0 | AY7: View Bill
A8: 4 | K8: =J8+I8 -> 0 | AQ8: =SUM(L8:AP8) -> 0 | AR8: =K8-AQ8 -> 0 | AS8: =AQ8*H8 -> 0 | AT8: =AR8*H8 -> 0 | AU8: =J8*H8 -> 0 | AX8: =AU8*SUM(AV8:AW8)%+AU8 -> 0 | AY8: View Bill
A9: 5 | K9: =J9+I9 -> 0 | AQ9: =SUM(L9:AP9) -> 0 | AR9: =K9-AQ9 -> 0 | AS9: =AQ9*H9 -> 0 | AT9: =AR9*H9 -> 0 | AU9: =J9*H9 -> 0 | AX9: =AU9*SUM(AV9:AW9)%+AU9 -> 0 | AY9: View Bill
A10: 6 | K10: =J10+I10 -> 0 | AQ10: =SUM(L10:AP10) -> 0 | AR10: =K10-AQ10 -> 0 | AS10: =AQ10*H10 -> 0 | AT10: =AR10*H10 -> 0 | AU10: =J10*H10 -> 0 | AX10: =AU10*SUM(AV10:AW10)%+AU10 -> 0 | AY10: View Bill
A11: 7 | K11: =J11+I11 -> 0 | AQ11: =SUM(L11:AP11) -> 0 | AR11: =K11-AQ11 -> 0 | AS11: =AQ11*H11 -> 0 | AT11: =AR11*H11 -> 0 | AU11: =J11*H11 -> 0 | AX11: =AU11*SUM(AV11:AW11)%+AU11 -> 0 | AY11: View Bill
A12: 8 | K12: =J12+I12 -> 0 | AQ12: =SUM(L12:AP12) -> 0 | AR12: =K12-AQ12 -> 0 | AS12: =AQ12*H12 -> 0 | AT12: =AR12*H12 -> 0 | AU12: =J12*H12 -> 0 | AX12: =AU12*SUM(AV12:AW12)%+AU12 -> 0 | AY12: View Bill
A13: 9 | K13: =J13+I13 -> 0 | AQ13: =SUM(L13:AP13) -> 0 | AR13: =K13-AQ13 -> 0 | AS13: =AQ13*H13 -> 0 | AT13: =AR13*H13 -> 0 | AU13: =J13*H13 -> 0 | AX13: =AU13*SUM(AV13:AW13)%+AU13 -> 0 | AY13: View Bill
A14: 10 | K14: =J14+I14 -> 0 | AQ14: =SUM(L14:AP14) -> 0 | AR14: =K14-AQ14 -> 0 | AS14: =AQ14*H14 -> 0 | AT14: =AR14*H14 -> 0 | AU14: =J14*H14 -> 0 | AX14: =AU14*SUM(AV14:AW14)%+AU14 -> 0 | AY14: View Bill
A15: 11 | K15: =J15+I15 -> 0 | AQ15: =SUM(L15:AP15) -> 0 | AR15: =K15-AQ15 -> 0 | AS15: =AQ15*H15 -> 0 | AT15: =AR15*H15 -> 0 | AU15: =J15*H15 -> 0 | AX15: =AU15*SUM(AV15:AW15)%+AU15 -> 0 | AY15: View Bill
A16: 12 | K16: =J16+I16 -> 0 | AQ16: =SUM(L16:AP16) -> 0 | AR16: =K16-AQ16 -> 0 | AS16: =AQ16*H16 -> 0 | AT16: =AR16*H16 -> 0 | AU16: =J16*H16 -> 0 | AX16: =AU16*SUM(AV16:AW16)%+AU16 -> 0 | AY16: View Bill
... A153: 149 | K153: =J153+I153 -> 0 | AQ153: =SUM(L153:AP153) -> 0 | AR153: =K153-AQ153 -> 0 | AS153: =AQ153*H153 -> 0 | AT153: =AR153*H153 -> 0 | AU153: =J153*H153 -> 0 | AX153: =AU153*SUM(AV153:AW153)%+AU153 -> 0 | AY153: View Bill
F154: Total | I154: =SUM(I5:I153) -> 0 | J154: =SUM(J5:J153) -> 0 | K154: =SUM(K5:K153) -> 0 | L154: =SUM(L5:L153) -> 0 | M154: =SUM(M5:M153) -> 0 | N154: =SUM(N5:N153) -> 0 | O154: =SUM(O5:O153) -> 0 | P154: =SUM(P5:P153) -> 0 | ... AU154: =SUM(AU5:AU153) -> 0 | AX154: =SUM(AX5:AX153) -> 0

Sheet Bottle Consu.
A1: ="GuestVilla Bottle Consu. of "& TEXT(K4," MMM YY") -> GuestVilla Bottle Consu. of Jan 26
C3: DD-MM-YYYY | J3: Auto | K3: =TEXT(K4,"ddd") -> Thu | L3: =TEXT(L4,"ddd") -> Fri | M3: =TEXT(M4,"ddd") -> Sat | N3: =TEXT(N4,"ddd") -> Sun | O3: =TEXT(O4,"ddd") -> Mon | P3: =TEXT(P4,"ddd") -> Tue | Q3: =TEXT(Q4,"ddd") -> Wed | R3: =TEXT(R4,"ddd") -> Thu | ... AO3: =TEXT(AO4,"ddd") -> Sat | AP3: Auto | AQ3: Auto | AR3: Auto | AS3: Auto | AT3: Auto | AW3: Auto
A4: Sr. No. | B4: DC Invoice No. | C4: Purchase Date | D4: Shop Name | E4: Particulars | F4: Units | G4: Rate | H4: Opening | I4: Order | J4: Total Stock | K4: ='Grocery Purchase'!L4 -> 46023 | L4: =K4+1 -> 46024 | M4: =L4+1 -> 46025 | N4: =M4+1 -> 46026 | O4: =N4+1 -> 46027 | P4: =O4+1 -> 46028 | Q4: =P4+1 -> 46029 | R4: =Q4+1 -> 46030 | S4: =R4+1 -> 46031 | ... AO4: =AN4+1 -> 46053 | AP4: Usage Stock | AQ4: Closing Stock | AR4: Usage Amount | AS4: Closing Amount | AT4: Order Amount | AU4: CGST | AV4: SGST | AW4: Order Amount With GST | AX4: Bills
A5: 1 | J5: =I5+H5 -> 0 | AP5: =SUM(K5:AO5) -> 0 | AQ5: =J5-AP5 -> 0 | AR5: =AP5*G5 -> 0 | AS5: =AQ5*G5 -> 0 | AT5: =I5*G5 -> 0 | AW5: =AT5*SUM(AU5:AV5)%+AT5 -> 0 | AX5: View Bill
A6: 2 | J6: =I6+H6 -> 0 | AP6: =SUM(K6:AO6) -> 0 | AQ6: =J6-AP6 -> 0 | AR6: =AP6*G6 -> 0 | AS6: =AQ6*G6 -> 0 | AT6: =I6*G6 -> 0 | AW6: =AT6*SUM(AU6:AV6)%+AT6 -> 0 | AX6: View Bill
A7: 3 | J7: =I7+H7 -> 0 | AP7: =SUM(K7:AO7) -> 0 | AQ7: =J7-AP7 -> 0 | AR7: =AP7*G7 -> 0 | AS7: =AQ7*G7 -> 0 | AT7: =I7*G7 -> 0 | AW7: =AT7*SUM(AU7:AV7)%+AT7 -> 0 | AX7: View Bill
A8: 4 | J8: =I8+H8 -> 0 | AP8: =SUM(K8:AO8) -> 0 | AQ8: =J8-AP8 -> 0 | AR8: =AP8*G8 -> 0 | AS8: =AQ8*G8 -> 0 | AT8: =I8*G8 -> 0 | AW8: =AT8*SUM(AU8:AV8)%+AT8 -> 0 | AX8: View Bill
A9: 5 | J9: =I9+H9 -> 0 | AP9: =SUM(K9:AO9) -> 0 | AQ9: =J9-AP9 -> 0 | AR9: =AP9*G9 -> 0 | AS9: =AQ9*G9 -> 0 | AT9: =I9*G9 -> 0 | AW9: =AT9*SUM(AU9:AV9)%+AT9 -> 0 | AX9: View Bill
A10: 6 | J10: =I10+H10 -> 0 | AP10: =SUM(K10:AO10) -> 0 | AQ10: =J10-AP10 -> 0 | AR10: =AP10*G10 -> 0 | AS10: =AQ10*G10 -> 0 | AT10: =I10*G10 -> 0 | AW10: =AT10*SUM(AU10:AV10)%+AT10 -> 0 | AX10: View Bill
A11: 7 | J11: =I11+H11 -> 0 | AP11: =SUM(K11:AO11) -> 0 | AQ11: =J11-AP11 -> 0 | AR11: =AP11*G11 -> 0 | AS11: =AQ11*G11 -> 0 | AT11: =I11*G11 -> 0 | AW11: =AT11*SUM(AU11:AV11)%+AT11 -> 0 | AX11: View Bill
A12: 8 | J12: =I12+H12 -> 0 | AP12: =SUM(K12:AO12) -> 0 | AQ12: =J12-AP12 -> 0 | AR12: =AP12*G12 -> 0 | AS12: =AQ12*G12 -> 0 | AT12: =I12*G12 -> 0 | AW12: =AT12*SUM(AU12:AV12)%+AT12 -> 0 | AX12: View Bill
A13: 9 | J13: =I13+H13 -> 0 | AP13: =SUM(K13:AO13) -> 0 | AQ13: =J13-AP13 -> 0 | AR13: =AP13*G13 -> 0 | AS13: =AQ13*G13 -> 0 | AT13: =I13*G13 -> 0 | AW13: =AT13*SUM(AU13:AV13)%+AT13 -> 0 | AX13: View Bill
A14: 10 | J14: =I14+H14 -> 0 | AP14: =SUM(K14:AO14) -> 0 | AQ14: =J14-AP14 -> 0 | AR14: =AP14*G14 -> 0 | AS14: =AQ14*G14 -> 0 | AT14: =I14*G14 -> 0 | AW14: =AT14*SUM(AU14:AV14)%+AT14 -> 0 | AX14: View Bill
A15: 13 | J15: =I15+H15 -> 0 | AP15: =SUM(K15:AO15) -> 0 | AQ15: =J15-AP15 -> 0 | AR15: =AP15*G15 -> 0 | AS15: =AQ15*G15 -> 0 | AT15: =I15*G15 -> 0 | AW15: =AT15*SUM(AU15:AV15)%+AT15 -> 0 | AX15: View Bill
A16: 14 | J16: =I16+H16 -> 0 | AP16: =SUM(K16:AO16) -> 0 | AQ16: =J16-AP16 -> 0 | AR16: =AP16*G16 -> 0 | AS16: =AQ16*G16 -> 0 | AT16: =I16*G16 -> 0 | AW16: =AT16*SUM(AU16:AV16)%+AT16 -> 0 | AX16: View Bill
... A20: 19 | J20: =I20+H20 -> 0 | AP20: =SUM(K20:AO20) -> 0 | AQ20: =J20-AP20 -> 0 | AR20: =AP20*G20 -> 0 | AS20: =AQ20*G20 -> 0 | AT20: =I20*G20 -> 0 | AW20: =AT20*SUM(AU20:AV20)%+AT20 -> 0 | AX20: View Bill
E21: Total | H21: =SUM(H5:H20) -> 0 | I21: =SUM(I5:I20) -> 0 | J21: =SUM(J5:J20) -> 0 | K21: =SUM(K5:K20) -> 0 | L21: =SUM(L5:L20) -> 0 | M21: =SUM(M5:M20) -> 0 | N21: =SUM(N5:N20) -> 0 | O21: =SUM(O5:O20) -> 0 | ... AN21: =SUM(AN5:AN20) -> 0 | AP21: =SUM(AP5:AP20) -> 0 | AQ21: =SUM(AQ5:AQ20) -> 0 | AR21: =SUM(AR5:AR20) -> 0 | AS21: =SUM(AS5:AS20) -> 0 | AT21: =SUM(AT5:AT20) -> 0

Sheet Hukka Consu.
A1: ="GuestVilla Hukka Consu. of "& TEXT(K4," MMM YY") -> GuestVilla Hukka Consu. of Jan 26
C3: DD-MM-YYYY | J3: Auto | K3: =TEXT(K4,"ddd") -> Thu | L3: =TEXT(L4,"ddd") -> Fri | M3: =TEXT(M4,"ddd") -> Sat | N3: =TEXT(N4,"ddd") -> Sun | O3: =TEXT(O4,"ddd") -> Mon | P3: =TEXT(P4,"ddd") -> Tue | Q3: =TEXT(Q4,"ddd") -> Wed | R3: =TEXT(R4,"ddd") -> Thu | ... AO3: =TEXT(AO4,"ddd") -> Sat | AP3: Auto | AQ3: Auto | AR3: Auto | AS3: Auto | AT3: Auto | AW3: Auto
A4: Sr. No. | B4: DC Invoice No. | C4: Purchase Date | D4: Shop Name | E4: Particulars | F4: Units | G4: Rate | H4: Opening | I4: Order | J4: Total Stock | K4: ='Grocery Purchase'!L4 -> 46023 | L4: =K4+1 -> 46024 | M4: =L4+1 -> 46025 | N4: =M4+1 -> 46026 | O4: =N4+1 -> 46027 | P4: =O4+1 -> 46028 | Q4: =P4+1 -> 46029 | R4: =Q4+1 -> 46030 | S4: =R4+1 -> 46031 | ... AO4: =AN4+1 -> 46053 | AP4: Usage Stock | AQ4: Closing Stock | AR4: Usage Amount | AS4: Closing Amount | AT4: Order Amount | AU4: CGST | AV4: SGST | AW4: Order Amount With GST | AX4: Bills
A5: 1 | J5: =I5+H5 -> 0 | AP5: =SUM(K5:AO5) -> 0 | AQ5: =J5-AP5 -> 0 | AR5: =AP5*G5 -> 0 | AS5: =AQ5*G5 -> 0 | AT5: =I5*G5 -> 0 | AW5: =AT5*SUM(AU5:AV5)%+AT5 -> 0 | AX5: View Bill
A6: 2 | J6: =I6+H6 -> 0 | AP6: =SUM(K6:AO6) -> 0 | AQ6: =J6-AP6 -> 0 | AR6: =AP6*G6 -> 0 | AS6: =AQ6*G6 -> 0 | AT6: =I6*G6 -> 0 | AW6: =AT6*SUM(AU6:AV6)%+AT6 -> 0 | AX6: View Bill
A7: 3 | J7: =I7+H7 -> 0 | AP7: =SUM(K7:AO7) -> 0 | AQ7: =J7-AP7 -> 0 | AR7: =AP7*G7 -> 0 | AS7: =AQ7*G7 -> 0 | AT7: =I7*G7 -> 0 | AW7: =AT7*SUM(AU7:AV7)%+AT7 -> 0 | AX7: View Bill
A8: 4 | J8: =I8+H8 -> 0 | AP8: =SUM(K8:AO8) -> 0 | AQ8: =J8-AP8 -> 0 | AR8: =AP8*G8 -> 0 | AS8: =AQ8*G8 -> 0 | AT8: =I8*G8 -> 0 | AW8: =AT8*SUM(AU8:AV8)%+AT8 -> 0 | AX8: View Bill
A9: 5 | J9: =I9+H9 -> 0 | AP9: =SUM(K9:AO9) -> 0 | AQ9: =J9-AP9 -> 0 | AR9: =AP9*G9 -> 0 | AS9: =AQ9*G9 -> 0 | AT9: =I9*G9 -> 0 | AW9: =AT9*SUM(AU9:AV9)%+AT9 -> 0 | AX9: View Bill
A10: 6 | J10: =I10+H10 -> 0 | AP10: =SUM(K10:AO10) -> 0 | AQ10: =J10-AP10 -> 0 | AR10: =AP10*G10 -> 0 | AS10: =AQ10*G10 -> 0 | AT10: =I10*G10 -> 0 | AW10: =AT10*SUM(AU10:AV10)%+AT10 -> 0 | AX10: View Bill
A11: 7 | J11: =I11+H11 -> 0 | AP11: =SUM(K11:AO11) -> 0 | AQ11: =J11-AP11 -> 0 | AR11: =AP11*G11 -> 0 | AS11: =AQ11*G11 -> 0 | AT11: =I11*G11 -> 0 | AW11: =AT11*SUM(AU11:AV11)%+AT11 -> 0 | AX11: View Bill
A12: 8 | J12: =I12+H12 -> 0 | AP12: =SUM(K12:AO12) -> 0 | AQ12: =J12-AP12 -> 0 | AR12: =AP12*G12 -> 0 | AS12: =AQ12*G12 -> 0 | AT12: =I12*G12 -> 0 | AW12: =AT12*SUM(AU12:AV12)%+AT12 -> 0 | AX12: View Bill
A13: 9 | J13: =I13+H13 -> 0 | AP13: =SUM(K13:AO13) -> 0 | AQ13: =J13-AP13 -> 0 | AR13: =AP13*G13 -> 0 | AS13: =AQ13*G13 -> 0 | AT13: =I13*G13 -> 0 | AW13: =AT13*SUM(AU13:AV13)%+AT13 -> 0 | AX13: View Bill
A14: 10 | J14: =I14+H14 -> 0 | AP14: =SUM(K14:AO14) -> 0 | AQ14: =J14-AP14 -> 0 | AR14: =AP14*G14 -> 0 | AS14: =AQ14*G14 -> 0 | AT14: =I14*G14 -> 0 | AW14: =AT14*SUM(AU14:AV14)%+AT14 -> 0 | AX14: View Bill
A15: 11 | J15: =I15+H15 -> 0 | AP15: =SUM(K15:AO15) -> 0 | AQ15: =J15-AP15 -> 0 | AR15: =AP15*G15 -> 0 | AS15: =AQ15*G15 -> 0 | AT15: =I15*G15 -> 0 | AW15: =AT15*SUM(AU15:AV15)%+AT15 -> 0 | AX15: View Bill
A16: 12 | J16: =I16+H16 -> 0 | AP16: =SUM(K16:AO16) -> 0 | AQ16: =J16-AP16 -> 0 | AR16: =AP16*G16 -> 0 | AS16: =AQ16*G16 -> 0 | AT16: =I16*G16 -> 0 | AW16: =AT16*SUM(AU16:AV16)%+AT16 -> 0 | AX16: View Bill
... A25: 19 | J25: =I25+H25 -> 0 | AP25: =SUM(K25:AO25) -> 0 | AQ25: =J25-AP25 -> 0 | AR25: =AP25*G25 -> 0 | AS25: =AQ25*G25 -> 0 | AT25: =I25*G25 -> 0 | AW25: =AT25*SUM(AU25:AV25)%+AT25 -> 0 | AX25: View Bill
E26: Total | H26: =SUM(H5:H25) -> 0 | I26: =SUM(I5:I25) -> 0 | J26: =SUM(J5:J25) -> 0 | K26: =SUM(K5:K25) -> 0 | L26: =SUM(L5:L25) -> 0 | M26: =SUM(M5:M25) -> 0 | N26: =SUM(N5:N25) -> 0 | O26: =SUM(O5:O25) -> 0 | ... AN26: =SUM(AN5:AN25) -> 0 | AP26: =SUM(AP5:AP25) -> 0 | AQ26: =SUM(AQ5:AQ25) -> 0 | AR26: =SUM(AR5:AR25) -> 0 | AS26: =SUM(AS5:AS25) -> 0 | AT26: =SUM(AT5:AT25) -> 0

Sheet Sheet_Support
A1: Type
A2: Dry Goods
A3: Spices & Seasonings
A4: Oils & Condiments
A5: Vegetables
A6: Fruits
A7: Dairy
A8: Eggs & Protein
A9: Beverages
A10: Bakery & Snacks
A11: Cleaning & Utility Items
